accuracy,recall,precision,f1_score,roc_auc
0.9892201834862385,0.0891089108910891,0.8181818181818182,0.16071428571428573,0.9982286429130208
