accuracy,recall,precision,f1_score,roc_auc
0.9948791478902089,0.9295774647887324,0.7674418604651163,0.8407643312101911,0.9984074055641269
