accuracy,recall,precision,f1_score,roc_auc
0.9852857683573051,0.5590062111801242,0.5157593123209169,0.5365126676602087,0.992348079141667
