accuracy,recall,precision,f1_score,roc_auc
0.9903252367229313,0.5606060606060606,0.6727272727272727,0.6115702479338843,0.9963638893104669
