accuracy,recall,precision,f1_score,roc_auc
0.9925895430218197,0.8787878787878788,0.6744186046511628,0.7631578947368421,0.9972033566044416
