accuracy,recall,precision,f1_score,roc_auc
0.9968768299824322,0.875,0.8076923076923077,0.84,0.9987931034482759
