accuracy,recall,precision,f1_score,roc_auc
0.9953398058252427,0.9743589743589743,0.6229508196721312,0.76,0.9982290584912381
