accuracy,recall,precision,f1_score,roc_auc
0.9963302752293578,0.9801980198019802,0.7674418604651163,0.8608695652173913,0.998106876472541
