accuracy,recall,precision,f1_score,roc_auc
0.9999740077456918,1.0,0.5,0.6666666666666666,1.0
