accuracy,recall,precision,f1_score,roc_auc
0.9964623987218989,1.0,0.7703703703703704,0.8702928870292888,0.9987685111977755
