accuracy,recall,precision,f1_score,roc_auc
0.9888815291445874,0.41304347826086957,0.7430167597765364,0.530938123752495,0.9960793678645584
