accuracy,recall,precision,f1_score,roc_auc
0.9911491925992185,0.6707692307692308,0.7290969899665551,0.6987179487179487,0.9962330641246304
