accuracy,recall,precision,f1_score,roc_auc
0.996116504854369,0.9743589743589743,0.6666666666666666,0.7916666666666666,0.9986906069864395
