accuracy,recall,precision,f1_score,roc_auc
0.9951200468475503,0.6458333333333334,0.7948717948717948,0.7126436781609196,0.9985796387520525
