accuracy,recall,precision,f1_score,roc_auc
0.9890306482745633,0.42153846153846153,0.7527472527472527,0.5404339250493096,0.9958087294231871
