accuracy,recall,precision,f1_score,roc_auc
0.9995581316767603,1.0,0.05555555555555555,0.10526315789473684,0.9999220212102308
